{"assets/images/spalsh_screen_back2.png":["assets/images/spalsh_screen_back2.png"],"assets/images/unsplash.jpeg":["assets/images/unsplash.jpeg"],"assets/images/unsplash.png":["assets/images/unsplash.png"],"assets/splash/unsplash-logo.png":["assets/splash/unsplash-logo.png"],"assets/splash/unsplash_dark.png":["assets/splash/unsplash_dark.png"],"assets/splash/unsplash_light.png":["assets/splash/unsplash_light.png"],"packages/cupertino_icons/assets/CupertinoIcons.ttf":["packages/cupertino_icons/assets/CupertinoIcons.ttf"]}